City_ID,City,Lat,Lng,Max Temp,Humidity,Cloudiness,Wind Speed,Country,Current Description
0,Natal,-5.795,-35.2094,79.45,83,40,3.44,BR,scattered clouds
1,Pevek,69.7008,170.3133,-34.11,100,77,3.58,RU,broken clouds
2,Conceicao Das Alagoas,-19.9147,-48.3883,69.15,94,93,3.83,BR,overcast clouds
3,Mataura,-46.1927,168.8643,50.63,97,100,3.58,NZ,overcast clouds
4,Longyearbyen,78.2186,15.6401,15.64,57,40,19.57,SJ,scattered clouds
5,Bumba,2.1833,22.4667,72.39,48,100,1.57,CD,overcast clouds
6,Rikitea,-23.1203,-134.9692,78.28,76,100,15.88,PF,light rain
7,Arraial Do Cabo,-22.9661,-42.0278,75.72,90,0,17.85,BR,clear sky
8,Sadovoye,47.7764,44.5089,19.9,99,83,7.94,RU,broken clouds
9,Hilo,19.7297,-155.09,77.25,81,9,1.01,US,clear sky
10,Mehamn,71.0357,27.8492,30.67,65,100,24.7,NO,light snow
11,Beatrice,40.2681,-96.747,19.18,57,75,0.0,US,broken clouds
12,Wagar,16.1525,36.2032,66.52,83,18,13.47,SD,few clouds
13,Carnarvon,-24.8667,113.6333,84.27,54,0,13.8,AU,clear sky
14,Ribeira Grande,38.5167,-28.7,59.88,79,100,6.8,PT,overcast clouds
15,Nassau,40.7507,-73.5829,34.21,60,0,1.01,US,clear sky
16,Grindavik,63.8424,-22.4338,30.9,100,75,5.75,IS,broken clouds
17,Guasdualito,7.2424,-70.7324,83.23,45,90,3.91,VE,overcast clouds
18,Galich,58.3797,42.3475,8.47,96,100,3.2,RU,snow
19,Calbuco,-41.768,-73.1273,54.61,82,5,11.43,CL,clear sky
20,Vaini,-21.2,-175.2,80.19,70,13,12.93,TO,few clouds
21,Caernarfon,53.1413,-4.2702,46.67,45,100,4.61,GB,overcast clouds
22,Bethel,41.3712,-73.414,32.36,62,0,0.0,US,clear sky
23,Greytown,-29.0642,30.5928,58.28,98,27,1.41,ZA,scattered clouds
24,Jamestown,42.097,-79.2353,16.92,47,100,4.61,US,overcast clouds
25,Albany,42.6001,-73.9662,22.26,73,11,6.91,US,few clouds
26,Muros,42.7762,-9.0603,49.23,93,1,7.9,ES,clear sky
27,Bredasdorp,-34.5322,20.0403,66.27,89,100,8.97,ZA,light rain
28,Krutinka,56.0055,71.5113,-6.03,100,100,2.26,RU,overcast clouds
29,Thompson,55.7435,-97.8558,-1.79,83,100,13.73,CA,overcast clouds
30,Atuona,-9.8,-139.0333,78.31,75,2,16.69,PF,clear sky
31,Wanning,18.8003,110.3967,74.71,82,95,4.47,CN,overcast clouds
32,Richards Bay,-28.783,32.0377,72.55,93,40,3.04,ZA,scattered clouds
33,New Norfolk,-42.7826,147.0587,67.66,49,100,4.25,AU,overcast clouds
34,Busselton,-33.65,115.3333,69.08,48,20,9.91,AU,few clouds
35,Biak,-0.9131,122.8766,83.23,71,89,5.06,ID,overcast clouds
36,Ancud,-41.8697,-73.8203,58.53,84,0,1.86,CL,clear sky
37,Saint-Georges,12.0564,-61.7485,77.29,75,0,12.5,GD,clear sky
38,West Bay,19.3667,-81.4167,77.07,86,20,0.0,KY,few clouds
39,Neiafu,-18.65,-173.9833,82.56,72,19,8.99,TO,few clouds
40,Dundwaraganj,27.7333,78.95,45.86,90,0,5.41,IN,clear sky
41,Tuktoyaktuk,69.4541,-133.0374,11.7,89,100,29.17,CA,overcast clouds
42,Aswan,24.0934,32.907,46.06,32,0,9.84,EG,clear sky
43,Lorengau,-2.0226,147.2712,85.05,71,100,6.91,PG,light rain
44,Barrow,71.2906,-156.7887,-7.58,77,75,20.71,US,haze
45,Nabire,-3.3667,135.4833,83.35,81,96,3.47,ID,overcast clouds
46,Chokurdakh,70.6333,147.9167,-32.31,100,100,7.14,RU,overcast clouds
47,Leon,21.1167,-101.6667,62.65,41,3,5.06,MX,clear sky
48,Hobart,-42.8794,147.3294,68.02,71,75,1.01,AU,broken clouds
49,Puerto Ayora,-0.7393,-90.3518,73.63,90,68,5.64,EC,broken clouds
50,Lulea,65.5842,22.1547,19.47,86,100,4.61,SE,overcast clouds
51,Te Anau,-45.4167,167.7167,62.73,55,56,7.36,NZ,broken clouds
52,East London,-33.0153,27.9116,71.96,85,99,3.94,ZA,overcast clouds
53,Namibe,-15.1961,12.1522,75.27,84,95,4.12,AO,overcast clouds
54,Avarua,-21.2078,-159.775,80.65,89,75,11.5,CK,broken clouds
55,Gorom-Gorom,14.4439,-0.2361,63.16,15,82,9.4,BF,broken clouds
56,Victoria,22.2855,114.1577,70.97,83,99,4.0,HK,overcast clouds
57,Geraldton,-28.7667,114.6,84.61,32,0,12.66,AU,clear sky
58,Khatanga,71.9667,102.5,-4.04,86,58,12.97,RU,broken clouds
59,Pisco,-13.7,-76.2167,68.05,83,0,14.97,PE,clear sky
60,Pimentel,-6.8367,-79.9342,71.29,81,16,11.25,PE,few clouds
61,Aykhal,66.0,111.5,0.41,84,100,4.41,RU,overcast clouds
62,Kruisfontein,-34.0033,24.7314,66.88,93,100,7.92,ZA,overcast clouds
63,Tilichiki,60.4667,166.1,-7.62,93,100,11.59,RU,overcast clouds
64,Yellowknife,62.456,-114.3525,0.55,85,75,10.36,CA,broken clouds
65,Hermanus,-34.4187,19.2345,66.79,86,96,12.62,ZA,overcast clouds
66,Katsuura,35.1333,140.3,50.18,91,100,15.08,JP,overcast clouds
67,Kismayo,-0.3582,42.5454,77.23,78,52,19.24,SO,broken clouds
68,Ushuaia,-54.8,-68.3,42.46,75,40,24.16,AR,light intensity drizzle
69,Ceres,37.5949,-120.9577,56.05,63,0,0.0,US,clear sky
70,Lata,40.1629,-8.3327,49.71,86,5,4.92,PT,clear sky
71,Contamana,-7.3333,-75.0167,73.31,98,100,0.76,PE,overcast clouds
72,Aklavik,68.2191,-135.0107,20.12,87,92,22.21,CA,overcast clouds
73,Montbeliard,47.5167,6.8,34.16,89,0,3.89,FR,clear sky
74,Chengde,40.9725,117.9361,18.54,54,100,4.65,CN,overcast clouds
75,Ust-Ishim,57.6935,71.1665,-8.3,100,100,1.57,RU,overcast clouds
76,Hasaki,35.7333,140.8333,43.09,85,100,19.6,JP,moderate rain
77,Phitsanulok,16.9167,100.5,77.67,41,4,1.92,TH,clear sky
78,Santa Cruz,-17.8,-63.1667,80.06,78,40,5.75,BO,scattered clouds
79,Shelopugino,51.6514,117.5599,-5.39,96,83,1.59,RU,broken clouds
80,Hare Bay,48.8499,-54.0148,18.19,86,100,3.65,CA,overcast clouds
81,Sao Francisco,-15.9486,-44.8644,69.75,82,74,2.17,BR,broken clouds
82,Ust-Kuyga,70.0167,135.6,-21.1,100,96,8.3,RU,overcast clouds
83,Lavrentiya,65.5833,-171.0,-20.92,87,11,5.46,RU,few clouds
84,Kavaratti,10.5669,72.642,77.4,52,100,5.5,IN,overcast clouds
85,Clyde River,70.4692,-68.5914,-13.27,95,100,8.72,CA,overcast clouds
86,Progreso,21.2833,-89.6667,76.1,93,15,6.73,MX,few clouds
87,Alugan,12.2188,125.4808,80.02,88,92,12.64,PH,overcast clouds
88,Burgeo,47.6167,-57.6152,30.54,94,100,21.81,CA,snow
89,Traralgon,-38.1833,146.5333,91.85,34,3,6.46,AU,clear sky
90,Half Moon Bay,37.4636,-122.4286,56.91,83,20,3.0,US,few clouds
91,Tiksi,71.6872,128.8694,-4.32,95,100,11.72,RU,overcast clouds
92,Bongued,7.1167,124.4,84.67,69,91,9.01,PH,overcast clouds
93,Punta Arenas,-53.15,-70.9167,46.42,61,0,14.97,CL,clear sky
94,Graham,47.0529,-122.2943,38.52,96,100,1.01,US,mist
95,Ojinaga,29.5667,-104.4167,62.42,31,0,3.44,MX,clear sky
96,Miri,4.4148,114.0089,77.14,94,40,3.44,MY,scattered clouds
97,Seoul,37.5683,126.9778,36.91,53,6,3.71,KR,clear sky
98,Pemangkat,1.1667,108.9667,81.19,77,24,8.34,ID,few clouds
99,Kavieng,-2.5744,150.7967,83.93,75,95,8.23,PG,light rain
100,Atambua,-9.1061,124.8925,80.83,72,100,8.14,ID,overcast clouds
101,Kosonsoy,41.2561,71.5508,25.36,38,0,6.98,UZ,clear sky
102,Camacha,33.0833,-16.3333,57.96,67,40,13.8,PT,scattered clouds
103,Ponta Do Sol,32.6667,-17.1,61.43,64,25,8.52,PT,scattered clouds
104,Kapaa,22.0752,-159.319,78.78,67,20,5.01,US,few clouds
105,Ostrovnoy,68.0531,39.5131,17.26,86,22,17.4,RU,few clouds
106,Norman Wells,65.282,-126.8329,35.94,82,100,18.66,CA,overcast clouds
107,Victor Harbor,-35.5667,138.6167,92.46,70,3,3.0,AU,clear sky
108,Ouricuri,-7.8825,-40.0817,70.61,79,53,2.64,BR,broken clouds
109,Saldanha,-33.0117,17.9442,62.64,90,0,16.93,ZA,clear sky
110,Haapiti,-17.5667,-149.8667,85.73,75,37,14.25,PF,light rain
111,Marondera,-18.1853,31.5519,59.86,98,100,8.79,ZW,light rain
112,Dikson,73.5069,80.5464,11.19,91,100,30.71,RU,light snow
113,Saskylakh,71.9167,114.0833,9.63,85,100,18.92,RU,overcast clouds
114,Key West,24.5557,-81.7826,73.4,84,40,5.75,US,scattered clouds
115,Alpena,45.0617,-83.4327,10.11,93,100,1.01,US,overcast clouds
116,Flin Flon,54.7682,-101.865,6.55,76,100,15.19,CA,overcast clouds
117,Georgetown,5.4112,100.3354,82.33,81,20,3.44,MY,haze
118,Pombas,17.1503,-25.0201,69.58,77,11,10.92,CV,few clouds
119,Yulara,-25.2406,130.9889,94.84,36,100,12.66,AU,overcast clouds
120,Pa Sang,18.5262,98.9394,77.13,52,0,0.65,TH,clear sky
121,Zhigansk,66.7697,123.3711,-13.31,98,97,8.19,RU,overcast clouds
122,Shashi,30.3072,112.2447,36.72,97,100,8.39,CN,light rain
123,Cape Town,-33.9258,18.4232,66.61,80,0,5.99,ZA,clear sky
124,Talnakh,69.4865,88.3972,1.2,95,94,12.75,RU,overcast clouds
125,Mount Gambier,-37.8333,140.7667,84.11,37,75,17.27,AU,broken clouds
126,Saint-Philippe,-21.3585,55.7679,72.99,67,97,10.67,RE,overcast clouds
127,Slave Lake,55.2834,-114.769,40.98,60,100,28.77,CA,overcast clouds
128,Acapulco,16.8634,-99.8901,78.62,83,40,5.75,MX,scattered clouds
129,Duvan,55.695,57.9024,-2.79,99,43,3.8,RU,scattered clouds
130,Villa Carlos Paz,-31.4241,-64.4978,75.06,43,65,1.99,AR,broken clouds
131,Port Alfred,-33.5906,26.891,71.87,86,100,11.07,ZA,light rain
132,Tasiilaq,65.6145,-37.6368,15.96,71,17,7.27,GL,few clouds
133,Lebu,-37.6167,-73.65,57.76,89,1,15.3,CL,clear sky
134,Bamako,12.65,-8.0,68.41,19,33,6.91,ML,scattered clouds
135,Deputatskiy,69.3,139.9,-31.47,100,35,5.48,RU,scattered clouds
136,Kuryk,43.2,51.65,37.74,85,52,4.9,KZ,broken clouds
137,Chuy,-33.6971,-53.4616,74.64,95,100,4.29,UY,moderate rain
138,Torbay,47.6666,-52.7314,27.57,89,75,4.61,CA,broken clouds
139,Darhan,49.4867,105.9228,-7.15,95,13,4.81,MN,few clouds
140,Saint-Augustin,51.226,-58.6502,6.24,96,99,6.76,CA,light snow
141,Esperance,-33.8667,121.9,69.64,75,89,13.33,AU,overcast clouds
142,Jalu,29.0331,21.5482,43.95,69,5,17.92,LY,clear sky
143,Kodiak,57.79,-152.4072,29.71,59,0,5.75,US,clear sky
144,Guerrero Negro,27.9769,-114.0611,61.5,65,100,9.01,MX,overcast clouds
145,Mlonggo,-6.5333,110.7,78.69,81,100,13.38,ID,moderate rain
146,Bintulu,3.1667,113.0333,82.81,78,40,0.0,MY,scattered clouds
147,Maymyo,22.0333,96.4667,52.97,72,98,1.05,MM,overcast clouds
148,Vostok,46.4856,135.8833,10.36,87,100,2.53,RU,overcast clouds
149,Asau,46.4333,26.4,24.28,77,94,7.7,RO,overcast clouds
150,Sola,-13.8833,167.55,81.7,80,98,15.82,VU,light rain
151,Puertollano,38.6871,-4.1073,37.18,90,18,4.54,ES,few clouds
152,Zhangjiakou,40.81,114.8794,14.94,59,100,4.21,CN,overcast clouds
153,Hokitika,-42.7167,170.9667,65.37,68,9,14.09,NZ,clear sky
154,Noumea,-22.2763,166.4572,85.98,99,85,10.83,NC,overcast clouds
155,Nuuk,64.1835,-51.7216,21.81,79,100,9.22,GL,light snow
156,Mattru,7.6244,-11.8332,69.73,92,2,0.49,SL,clear sky
157,Lyuban,52.7985,28.0048,22.8,96,86,8.08,BY,overcast clouds
158,Butaritari,3.0707,172.7902,82.15,79,42,16.58,KI,scattered clouds
159,Caravelas,-17.7125,-39.2481,76.78,84,100,7.99,BR,overcast clouds
160,Ylojarvi,61.5563,23.5961,20.95,96,0,3.44,FI,clear sky
161,Akyab,20.15,92.9,71.8,72,67,6.02,MM,broken clouds
162,Tyumentsevo,53.3224,81.498,6.08,95,100,11.88,RU,snow
163,Andapa,-14.65,49.65,66.65,96,100,3.13,MG,overcast clouds
164,Port Elizabeth,-33.918,25.5701,69.1,83,100,10.36,ZA,overcast clouds
165,Kizilskoye,52.7255,58.8937,-2.29,96,41,3.24,RU,scattered clouds
166,Port Lincoln,-34.7333,135.8667,74.68,76,80,6.91,AU,broken clouds
167,Burns Lake,54.2331,-125.7533,18.82,99,57,2.62,CA,broken clouds
168,Ossora,59.2353,163.0719,0.52,91,100,8.77,RU,light snow
169,Monrovia,6.3005,-10.7969,77.72,83,0,5.17,LR,clear sky
170,Chaman,30.9236,66.4512,35.1,44,0,1.59,PK,clear sky
171,Hualmay,-11.0964,-77.6139,70.74,85,14,7.47,PE,few clouds
172,Kyra,49.5776,111.9753,-1.98,83,34,4.34,RU,scattered clouds
173,Mgandu,-5.95,34.1333,60.87,92,86,2.13,TZ,light rain
174,Xai-Xai,-25.0519,33.6442,77.49,90,100,11.97,MZ,light rain
175,Vestmannaeyjar,63.4427,-20.2734,35.91,67,100,9.42,IS,overcast clouds
176,Faya,18.3851,42.4509,50.11,84,18,2.66,SA,few clouds
177,Singaraja,-8.112,115.0882,86.97,75,81,5.97,ID,broken clouds
178,Upernavik,72.7868,-56.1549,0.34,95,98,7.81,GL,overcast clouds
179,Toowoomba,-27.55,151.9667,70.25,85,100,3.6,AU,light rain
180,Bathsheba,13.2167,-59.5167,76.86,77,5,17.38,BB,clear sky
181,Palana,59.1167,159.9667,-4.05,86,100,6.89,RU,overcast clouds
182,Grand-Lahou,5.1367,-5.0242,75.83,84,1,2.86,CI,clear sky
183,Port Moresby,-9.4431,147.1797,90.82,62,40,11.5,PG,haze
184,Boguchany,58.3814,97.4531,-7.55,100,91,2.17,RU,overcast clouds
185,Fortuna,40.5982,-124.1573,45.09,91,4,1.01,US,clear sky
186,Gat,31.61,34.7642,49.91,100,14,10.69,IL,few clouds
187,Bluff,-46.6,168.3333,53.08,83,98,18.07,NZ,overcast clouds
188,Kagadi,0.9606,30.7967,62.19,63,75,2.26,UG,broken clouds
189,Bambous Virieux,-20.3428,57.7575,73.22,70,30,14.43,MU,scattered clouds
190,Ambon,-3.6954,128.1814,91.54,55,20,10.36,ID,few clouds
191,Bandarbeyla,9.4942,50.8122,72.41,67,6,16.35,SO,clear sky
192,Dunedin,-45.8742,170.5036,55.8,92,100,10.0,NZ,overcast clouds
193,Bauchi,10.5,10.0,57.0,25,50,5.99,NG,scattered clouds
194,Madaoua,14.073,5.96,58.39,19,0,14.45,NE,clear sky
195,Minab,27.1467,57.0801,50.32,93,0,0.0,IR,mist
196,Damaturu,11.747,11.9608,59.61,23,39,10.02,NG,scattered clouds
197,Sorland,67.667,12.6934,37.15,97,100,28.99,NO,overcast clouds
198,Cidreira,-30.1811,-50.2056,77.52,87,87,18.54,BR,overcast clouds
199,Greer,34.9387,-82.2271,51.55,72,0,3.0,US,clear sky
200,Neuquen,-38.9516,-68.0591,78.69,57,0,8.05,AR,clear sky
201,Pangody,65.85,74.4859,4.28,94,100,19.77,RU,overcast clouds
202,Nome,64.5011,-165.4064,-9.33,77,20,0.0,US,few clouds
203,Santa Fe,-31.6333,-60.7,78.03,91,100,4.0,AR,overcast clouds
204,Moose Factory,51.2585,-80.6094,-20.2,69,0,8.05,CA,clear sky
205,Cedar City,37.6775,-113.0619,27.57,74,100,12.66,US,overcast clouds
206,Muroto,33.2833,134.15,57.24,58,4,8.66,JP,clear sky
207,Broken Hill,-31.95,141.4333,89.08,36,18,4.79,AU,few clouds
208,Anadyr,64.75,177.4833,-19.7,76,0,0.0,RU,clear sky
209,Kaitangata,-46.2817,169.8464,57.92,76,100,5.28,NZ,overcast clouds
210,Wamba,8.9333,8.6,67.84,19,10,4.14,NG,clear sky
211,Virginia Beach,36.8529,-75.978,43.02,76,40,6.91,US,scattered clouds
212,Faanui,-16.4833,-151.75,81.07,76,85,13.38,PF,light rain
213,Great Bend,38.3645,-98.7648,21.25,86,75,5.75,US,broken clouds
214,Garissa,-0.4536,39.6401,73.51,81,10,6.08,KE,clear sky
215,Port Blair,11.6667,92.75,82.44,65,20,6.91,IN,few clouds
216,Fairbanks,64.8378,-147.7164,17.94,74,20,5.75,US,few clouds
217,Waipawa,-41.4122,175.5153,70.43,55,79,7.02,NZ,broken clouds
218,Ust-Tsilma,65.441,52.1498,19.56,94,100,7.34,RU,overcast clouds
219,Pitkyaranta,61.5734,31.4792,7.72,100,86,3.38,RU,overcast clouds
220,Riviera Beach,26.7753,-80.0581,71.62,83,75,5.01,US,broken clouds
221,Urumqi,43.801,87.6005,4.15,85,75,4.47,CN,mist
222,Sri Aman,1.2376,111.4621,80.65,89,20,0.0,MY,few clouds
223,Misratah,32.3754,15.0925,52.25,51,100,10.04,LY,overcast clouds
224,Vytegra,61.0064,36.4481,-1.5,100,100,2.64,RU,overcast clouds
225,Zhuhai,22.2769,113.5678,70.72,88,40,5.75,CN,scattered clouds
226,Santiago Del Estero,-27.7951,-64.2615,82.87,69,100,5.86,AR,overcast clouds
227,Narsaq,60.9167,-46.05,26.82,91,100,9.91,GL,light snow
228,Jiwani,25.05,61.7417,66.13,30,0,3.98,PK,clear sky
229,Mujiayingzi,42.1167,118.7833,14.34,43,52,7.63,CN,broken clouds
230,Ceuta,35.8903,-5.3075,59.11,83,91,29.26,ES,overcast clouds
231,Pierre,44.3683,-100.351,10.27,51,0,5.99,US,clear sky
232,Lincoln,40.8,-96.667,17.17,59,0,3.44,US,clear sky
233,Luau,-10.7073,22.2247,63.03,97,100,2.46,AO,overcast clouds
234,Alofi,-19.0595,-169.9187,78.69,89,12,10.36,NU,few clouds
235,Porbandar,21.6422,69.6093,53.58,76,0,0.0,IN,haze
236,Boddam,57.4667,-1.7833,48.38,83,100,11.18,GB,overcast clouds
237,Dingle,10.9995,122.6711,81.63,81,99,13.6,PH,overcast clouds
238,Bagan,54.1001,77.6646,12.96,96,100,4.43,RU,light snow
239,Meulaboh,4.1363,96.1285,79.57,78,87,2.3,ID,overcast clouds
240,Castro,-24.7911,-50.0119,64.83,79,5,4.29,BR,clear sky
241,Isangel,-19.55,169.2667,85.96,70,14,4.9,VU,light rain
242,Sechura,-5.5569,-80.8222,74.07,71,86,12.57,PE,overcast clouds
243,Albion,42.2431,-84.753,16.2,78,100,6.91,US,overcast clouds
244,Boa Vista,2.8197,-60.6733,84.18,61,40,12.66,BR,scattered clouds
245,Ulladulla,-35.35,150.4667,81.77,68,100,8.59,AU,overcast clouds
246,Nahrin,36.0649,69.1334,29.93,42,0,7.52,AF,clear sky
247,Padang,-0.9492,100.3543,80.65,82,100,3.87,ID,overcast clouds
248,Aksu,41.1231,80.2644,20.07,66,29,2.28,CN,scattered clouds
249,Inirida,3.8653,-67.9239,77.58,83,100,2.77,CO,moderate rain
250,Vila Franca Do Campo,37.7167,-25.4333,58.19,80,96,8.23,PT,overcast clouds
251,Berlevag,70.8578,29.0864,31.24,66,100,26.96,NO,light snow
252,Zyryanka,65.75,150.85,-32.26,98,84,6.13,RU,broken clouds
253,Severo-Kurilsk,50.6789,156.125,26.73,55,39,7.0,RU,scattered clouds
254,Seoni Malwa,22.45,77.4667,48.16,62,0,4.63,IN,clear sky
255,Cozumel,20.5083,-86.9458,77.11,89,0,1.01,MX,clear sky
256,Hovd,48.0056,91.6419,-11.29,75,3,3.67,MN,clear sky
257,Sakakah,29.9697,40.2064,38.77,46,0,5.06,SA,clear sky
258,San Andres,12.5847,-81.7006,80.62,74,75,4.61,CO,broken clouds
259,Vanimo,-2.6741,141.3028,85.48,67,63,4.99,PG,broken clouds
260,Keti Bandar,24.1447,67.4497,63.52,51,0,5.79,PK,clear sky
261,Manakara,-22.1333,48.0167,70.18,82,58,2.64,MG,broken clouds
262,Klaksvik,62.2266,-6.589,41.92,75,79,46.15,FO,broken clouds
263,Sinnamary,5.3833,-52.95,76.23,87,71,9.06,GF,broken clouds
264,Iranshahr,27.2025,60.6848,44.94,57,0,6.91,IR,clear sky
265,La Ronge,55.1001,-105.2842,12.45,85,100,9.22,CA,snow
266,Sobolevo,54.4299,31.8996,26.78,82,100,10.22,RU,overcast clouds
267,Tolaga Bay,-38.3667,178.3,79.07,51,68,4.54,NZ,broken clouds
268,Baruun-Urt,46.6806,113.2792,-3.32,86,6,5.57,MN,clear sky
269,Mayor Pablo Lagerenza,-19.9309,-60.7718,88.21,40,78,8.88,PY,broken clouds
270,Lugovoy,42.9472,72.7644,24.39,50,3,5.93,KZ,clear sky
271,Sisimiut,66.9395,-53.6735,14.16,70,100,20.71,GL,overcast clouds
272,Lithakia,37.7167,20.8333,36.59,47,1,4.99,GR,clear sky
273,Khandyga,62.6667,135.6,-25.24,96,100,1.92,RU,overcast clouds
274,Coquimbo,-29.9533,-71.3436,60.53,82,0,3.44,CL,clear sky
275,Poli,-3.3333,36.8,59.52,63,44,5.08,TZ,scattered clouds
276,Lagoa,39.05,-27.9833,58.6,82,100,8.7,PT,overcast clouds
277,Korhogo,9.45,-5.6333,68.43,16,27,5.91,CI,scattered clouds
278,Verkhoyansk,67.5447,133.385,-16.94,100,100,1.95,RU,overcast clouds
279,Turukhansk,65.8167,87.9833,-17.52,100,92,6.44,RU,overcast clouds
280,Santa Rosa,14.3122,121.1114,84.18,73,100,11.34,PH,overcast clouds
281,Divnomorskoye,44.5011,38.1353,32.45,78,100,2.53,RU,overcast clouds
282,Ormara,25.2088,64.6357,65.03,27,0,10.8,PK,clear sky
283,Luanda,-8.8368,13.2343,77.0,83,75,3.44,AO,broken clouds
284,Coolum Beach,-26.5333,153.1,83.34,82,94,4.38,AU,light rain
285,Natalio,-26.7167,-55.0833,74.05,91,52,4.68,PY,light rain
286,Nikolskoye,59.7035,30.7861,15.69,100,78,2.64,RU,broken clouds
287,Constitucion,-35.3333,-72.4167,56.46,93,2,8.01,CL,clear sky
288,Klyuchi,52.2667,79.1667,10.45,94,100,11.39,RU,light snow
289,Nanortalik,60.1432,-45.2371,26.67,94,100,7.05,GL,light snow
290,Lima,-12.0432,-77.0282,72.9,72,40,13.8,PE,scattered clouds
291,Mahebourg,-20.4081,57.7,75.49,73,40,5.75,MU,scattered clouds
292,Milkovo,54.7167,158.6167,-0.58,91,90,0.83,RU,overcast clouds
293,Yatou,37.15,122.3833,37.22,50,12,11.27,CN,few clouds
294,Naze,28.3667,129.4833,63.52,63,35,10.94,JP,scattered clouds
295,Manaure,11.7751,-72.4445,77.29,79,97,16.69,CO,overcast clouds
296,San Patricio,28.017,-97.5169,57.29,79,0,11.95,US,clear sky
297,Iqaluit,63.7506,-68.5145,-24.07,69,75,0.0,CA,broken clouds
298,Nikolayevsk-Na-Amure,53.1406,140.73,3.16,90,52,4.85,RU,broken clouds
299,Nadym,65.5333,72.5167,8.02,93,100,21.94,RU,overcast clouds
300,Dalnerechensk,45.9339,133.7225,5.13,90,89,2.98,RU,overcast clouds
301,Nyuksenitsa,60.4128,44.2397,15.6,96,100,3.96,RU,light snow
302,Sfantu Gheorghe,45.8667,25.7833,20.93,97,100,2.15,RO,light snow
303,Palafrugell,41.9174,3.1631,39.34,74,0,4.38,ES,clear sky
304,Bilibino,68.0546,166.4372,-38.07,96,48,2.91,RU,scattered clouds
305,Beringovskiy,63.05,179.3167,-21.37,92,41,1.01,RU,scattered clouds
306,Kaeo,-35.1,173.7833,77.32,90,3,10.63,NZ,clear sky
307,Thinadhoo,0.5333,72.9333,80.71,66,98,14.74,MV,overcast clouds
308,Mersing,2.4312,103.8405,80.51,83,40,2.3,MY,scattered clouds
309,Qaanaaq,77.484,-69.3632,-11.11,58,9,7.47,GL,clear sky
310,Quatre Cocos,-20.2078,57.7625,75.31,71,17,15.1,MU,few clouds
311,Cabo San Lucas,22.8909,-109.9124,69.51,50,40,1.99,MX,scattered clouds
312,Trairi,-3.2778,-39.2689,80.38,76,99,9.19,BR,overcast clouds
313,Kailua,21.4022,-157.7394,80.58,72,0,12.66,US,clear sky
314,De Aar,-30.6497,24.0123,71.47,55,3,5.91,ZA,clear sky
315,Otsuchi,39.3667,141.9,32.95,56,100,1.72,JP,overcast clouds
316,Matara,5.9485,80.5353,72.97,83,79,5.53,LK,broken clouds
317,Mushie,-3.0167,16.9,72.9,87,100,3.27,CD,overcast clouds
318,Nhulunbuy,-12.2333,136.7667,83.01,83,75,14.97,AU,light rain
319,Okhotsk,59.3833,143.3,-2.88,93,100,8.32,RU,overcast clouds
320,Havelock,34.8791,-76.9013,50.94,88,100,0.0,US,overcast clouds
321,Paamiut,61.994,-49.6678,20.08,82,100,5.17,GL,overcast clouds
322,Vila Velha,-20.3297,-40.2925,75.15,93,20,4.61,BR,few clouds
323,Provideniya,64.3833,-173.3,-6.65,59,20,4.47,RU,few clouds
324,Pacific Grove,36.6177,-121.9166,57.27,87,20,3.0,US,few clouds
325,Lovozero,68.005,35.0117,13.64,84,19,10.11,RU,few clouds
326,Hirara,24.8,125.2833,73.67,64,40,11.5,JP,scattered clouds
327,Sumbe,-11.2061,13.8437,75.69,90,100,3.89,AO,light rain
328,Petropavlovsk-Kamchatskiy,53.0452,158.6483,10.99,57,0,8.95,RU,clear sky
329,Tumaco,1.7986,-78.8156,75.49,85,100,4.54,CO,overcast clouds
330,Kungalv,57.871,11.9805,42.19,96,100,1.01,SE,overcast clouds
331,Harper,4.375,-7.7169,77.92,85,0,4.59,LR,clear sky
332,Cherskiy,68.75,161.3,-42.3,99,71,5.12,RU,broken clouds
333,Olinda,-8.0089,-34.8553,82.13,74,75,6.91,BR,broken clouds
334,Hofn,64.2539,-15.2082,33.26,55,15,15.79,IS,few clouds
335,Arlit,18.7369,7.3853,56.44,21,59,6.71,NE,broken clouds
336,Nieves,15.3274,120.9485,83.57,58,76,5.41,PH,broken clouds
337,Eureka,40.8021,-124.1637,45.36,91,5,1.99,US,clear sky
338,Omboue,-1.5746,9.2618,75.72,91,70,5.19,GA,broken clouds
339,Urubicha,-15.3833,-62.95,78.91,73,94,2.42,BO,overcast clouds
340,Bhongir,17.5108,78.8889,64.58,54,2,6.38,IN,clear sky
341,Lodwar,3.1191,35.5973,80.69,36,2,6.4,KE,clear sky
342,Krasnaya Gora,52.9995,31.6023,22.91,97,97,6.98,RU,overcast clouds
343,Balkhash,46.844,74.9804,0.21,92,40,6.71,KZ,mist
344,Ponta Delgada,37.7333,-25.6667,58.5,94,75,4.61,PT,broken clouds
345,Agua Dulce,18.1333,-94.1333,72.32,90,23,10.89,MX,few clouds
346,Byron Bay,-28.65,153.6167,77.11,83,99,5.39,AU,overcast clouds
347,Augusto Correa,-1.0217,-46.635,75.42,92,77,3.65,BR,broken clouds
348,Orange Cove,36.6244,-119.3137,58.84,70,0,1.66,US,clear sky
349,Itarema,-2.9248,-39.9167,79.84,76,90,10.2,BR,overcast clouds
350,Cumpas,29.9833,-109.7833,56.7,37,1,5.73,MX,clear sky
351,Hithadhoo,-0.6,73.0833,81.23,67,100,18.45,MV,overcast clouds
352,Blackwater,-23.5833,148.8833,85.84,49,100,11.83,AU,overcast clouds
353,Gwadar,25.1216,62.3254,65.43,28,0,4.79,PK,clear sky
354,Imeni Poliny Osipenko,52.4201,136.4853,-10.08,96,100,1.41,RU,overcast clouds
355,Pentecoste,-3.7928,-39.2703,80.67,80,85,3.09,BR,overcast clouds
356,Stornoway,58.2093,-6.3865,42.93,84,100,4.0,GB,overcast clouds
357,Ola,59.5833,151.2833,-4.86,81,100,8.66,RU,overcast clouds
358,Rocha,-34.4833,-54.3333,72.27,96,100,5.57,UY,overcast clouds
359,Taoudenni,22.6783,-3.9836,68.38,20,100,7.76,ML,overcast clouds
360,Yerbogachen,61.2767,108.0108,-19.21,100,99,3.29,RU,overcast clouds
361,Kieta,-6.2167,155.6333,85.28,74,96,7.18,PG,light rain
362,Budhlada,29.9333,75.5667,44.98,80,5,4.88,IN,clear sky
363,Katobu,-4.9408,122.5276,86.29,62,100,5.32,ID,overcast clouds
364,Sangar,63.9242,127.4739,-23.37,97,100,2.33,RU,overcast clouds
365,Marovoay,-16.1,46.6333,77.14,97,100,5.23,MG,light rain
366,Bengkulu,-3.8004,102.2655,79.18,78,96,3.51,ID,overcast clouds
367,Belmonte,-15.8631,-38.8828,75.7,86,100,7.05,BR,overcast clouds
368,Atar,20.5169,-13.0499,67.14,38,41,9.26,MR,scattered clouds
369,Jacareacanga,-6.2222,-57.7528,74.14,98,100,2.15,BR,moderate rain
370,Mount Isa,-20.7333,139.5,87.57,55,75,8.05,AU,broken clouds
371,Hailar,49.2,119.7,2.23,94,97,5.12,CN,overcast clouds
372,Westport,41.1415,-73.3579,33.82,54,0,1.99,US,clear sky
373,San Quintin,30.4833,-115.95,57.07,78,16,3.94,MX,few clouds
374,Kaura Namoda,12.5898,6.5779,61.81,17,0,15.99,NG,clear sky
375,Lixourion,38.2019,20.4314,43.59,45,2,7.63,GR,clear sky
376,Kuandian,40.7286,124.7847,23.16,47,0,4.27,CN,clear sky
377,Nizhnyaya Tura,58.6293,59.8118,4.73,90,16,6.44,RU,few clouds
378,Carutapera,-1.195,-46.02,76.53,89,48,5.95,BR,scattered clouds
379,Roma,43.2128,-75.4557,19.54,73,100,6.91,US,overcast clouds
380,Jiuquan,39.7432,98.5174,19.4,44,58,2.08,CN,broken clouds
381,Pangnirtung,66.1451,-65.7125,-11.79,99,100,1.9,CA,overcast clouds
382,Muzhi,65.3667,64.6667,9.16,97,100,4.03,RU,overcast clouds
383,Tura,25.5198,90.2201,60.01,68,0,2.84,IN,clear sky
384,Bull Savanna,17.8868,-77.5902,72.79,85,18,6.91,JM,few clouds
385,Campos,-21.75,-41.3,72.18,95,1,3.87,BR,clear sky
386,Kurilsk,45.2333,147.8833,24.49,67,100,8.08,RU,overcast clouds
387,Santa Marta,11.2408,-74.199,82.89,63,95,15.99,CO,overcast clouds
388,Zhangye,38.9342,100.4517,21.06,49,76,0.4,CN,broken clouds
389,Sitka,57.0531,-135.33,39.09,87,100,3.44,US,overcast clouds
390,Mar Del Plata,-38.0023,-57.5575,76.08,98,75,11.01,AR,broken clouds
391,Berdigestyakh,62.0989,126.6992,-13.7,97,98,6.08,RU,overcast clouds
392,Bloomington,44.8408,-93.2983,-2.22,72,0,8.01,US,clear sky
393,Udachnyy,66.4167,112.4,2.44,84,100,4.47,RU,overcast clouds
394,Baiyin,36.5583,104.2081,23.88,55,97,4.79,CN,overcast clouds
395,Qurayyat,31.3318,37.3428,33.98,86,0,0.0,SA,clear sky
396,Vardo,70.3705,31.1107,29.16,75,25,24.49,NO,scattered clouds
397,Comodoro Rivadavia,-45.8667,-67.5,58.86,72,0,8.05,AR,clear sky
398,Batemans Bay,-35.7167,150.1833,87.19,69,100,6.55,AU,overcast clouds
399,Cabrera,19.6426,-69.9049,76.24,73,0,10.04,DO,clear sky
400,Wanaka,-44.7,169.15,78.12,29,24,11.01,NZ,few clouds
401,Grand Gaube,-20.0064,57.6608,75.6,72,1,1.99,MU,clear sky
402,Vestmanna,62.1564,-7.1664,40.12,60,75,41.43,FO,broken clouds
403,Kirksville,40.1948,-92.5833,9.12,61,0,1.99,US,clear sky
404,Kuna,43.4918,-116.4201,29.79,83,100,8.05,US,overcast clouds
405,Olafsvik,64.8945,-23.7142,33.24,72,84,7.94,IS,light snow
406,Souillac,-20.5167,57.5167,75.58,73,40,5.75,MU,scattered clouds
407,Pathardi,19.1667,75.1833,55.26,51,1,5.93,IN,clear sky
408,Medea,36.2642,2.7539,36.05,63,6,7.34,DZ,clear sky
409,Port Hedland,-20.3167,118.5667,91.45,62,40,10.36,AU,scattered clouds
410,Brae,60.3964,-1.353,42.71,69,71,34.11,GB,broken clouds
411,Barra Do Garcas,-15.89,-52.2567,74.35,86,98,2.44,BR,overcast clouds
412,Hay River,60.8156,-115.7999,13.98,79,75,9.22,CA,broken clouds
413,Xichang,27.8964,102.2634,49.08,81,89,4.45,CN,overcast clouds
414,Los Llanos De Aridane,28.6585,-17.9182,58.75,64,40,1.99,ES,scattered clouds
415,Samarai,-10.6167,150.6667,85.37,69,100,1.48,PG,overcast clouds
416,Tautira,-17.7333,-149.15,86.02,77,66,14.7,PF,light rain
417,Chitral,35.8462,71.7858,18.45,44,0,8.7,PK,clear sky
418,Rayadrug,14.7,76.8667,67.78,56,9,3.78,IN,clear sky
419,Turayf,31.6725,38.6637,32.25,93,0,6.91,SA,clear sky
420,Waikuku,-43.3,172.6833,72.59,78,77,1.99,NZ,broken clouds
421,Edd,13.9297,41.6925,77.22,66,85,8.52,ER,overcast clouds
422,Sherbakul,54.6316,72.3963,-7.92,98,98,5.08,RU,overcast clouds
423,Bartica,6.4,-58.6167,73.72,94,91,2.57,GY,overcast clouds
424,Luderitz,-26.6481,15.1594,73.0,62,6,21.21,NA,clear sky
425,Taltal,-25.4,-70.4833,66.79,76,0,3.6,CL,clear sky
426,Aseri,59.4506,26.8675,23.67,85,23,7.23,EE,few clouds
427,Shimoda,34.6667,138.95,50.11,73,100,6.42,JP,overcast clouds
428,Cascais,38.6979,-9.4215,52.47,61,0,7.0,PT,clear sky
429,Yuancheng,36.652,107.7896,25.34,90,100,6.71,CN,light snow
430,Poum,-20.2333,164.0167,80.76,72,19,8.43,NC,few clouds
431,Gondanglegi,-7.7479,112.0132,83.77,75,99,5.08,ID,overcast clouds
432,Maputo,-25.9653,32.5892,76.68,90,75,5.01,MZ,broken clouds
433,Ambovombe,-25.1667,46.0833,66.6,76,0,4.21,MG,clear sky
434,Callaway,30.153,-85.5699,49.17,97,100,3.0,US,light rain
435,Port Keats,-14.25,129.55,78.44,90,100,4.05,AU,overcast clouds
436,Ilulissat,69.2167,-51.1,14.02,52,100,28.77,GL,overcast clouds
437,Guamuchil,25.4667,-108.1,60.67,56,16,1.54,MX,few clouds
438,Conceicao Da Barra,-18.5933,-39.7322,74.8,91,100,9.42,BR,overcast clouds
439,George,-33.963,22.4617,63.95,100,100,8.05,ZA,overcast clouds
440,Bermeo,43.4209,-2.7215,43.23,73,0,5.88,ES,clear sky
441,Chake Chake,-5.2459,39.7666,76.69,77,20,9.46,TZ,few clouds
442,Chara,56.9064,118.2631,-13.18,91,53,0.4,RU,broken clouds
443,Onega,63.9061,38.1404,2.19,97,62,3.49,RU,broken clouds
444,Saint George,37.1041,-113.5841,46.63,40,0,13.0,US,clear sky
445,Yamethin,20.4333,96.15,68.85,51,22,4.25,MM,few clouds
446,Emborion,40.4833,21.55,21.83,41,6,3.31,GR,clear sky
447,Jinchang,38.4953,102.1739,21.34,51,98,3.09,CN,overcast clouds
448,Salekhard,66.53,66.6019,7.16,98,100,5.21,RU,overcast clouds
449,Adrar,20.5022,-10.0711,65.79,17,100,6.04,MR,overcast clouds
450,Salym,60.0625,71.4789,-10.43,100,100,4.0,RU,overcast clouds
451,Abu Kamal,34.4506,40.9171,45.63,62,39,8.86,SY,scattered clouds
452,Santa Isabel,-23.3156,-46.2214,76.37,96,20,3.27,BR,few clouds
453,Eyl,7.9803,49.8164,69.6,72,24,12.57,SO,few clouds
454,Viedma,-40.8135,-62.9967,66.74,59,100,15.79,AR,overcast clouds
455,Jawhar,2.7809,45.5005,68.74,79,2,9.98,SO,clear sky
456,Vallenar,-28.5708,-70.7581,69.26,63,0,2.86,CL,clear sky
457,Opuwo,-18.0607,13.84,71.13,67,17,6.29,NA,few clouds
458,Nouadhibou,20.931,-17.0347,66.18,72,97,20.71,MR,overcast clouds
459,Ortona,42.3496,14.4039,38.28,55,0,4.52,IT,clear sky
460,Springbok,-29.6643,17.8865,73.27,39,0,2.64,ZA,clear sky
461,Manicore,-5.8092,-61.3003,74.17,98,100,2.06,BR,overcast clouds
462,Lillooet,50.6856,-121.942,29.16,89,100,1.52,CA,overcast clouds
463,Whyalla,-33.0333,137.5833,80.49,78,0,6.91,AU,clear sky
464,Entre Rios,-11.9419,-38.0844,72.43,97,43,4.97,BR,scattered clouds
465,Trapani,37.8333,12.6667,41.18,81,20,4.61,IT,few clouds
466,Gao,16.6362,1.637,59.76,17,91,12.59,ML,overcast clouds
467,Broome,42.2506,-75.833,20.01,80,100,6.91,US,overcast clouds
468,Ahlat,38.7518,42.4814,14.41,97,93,1.05,TR,overcast clouds
469,Marawi,7.9986,124.2928,71.65,68,100,2.39,PH,overcast clouds
470,Kishapu,-3.6167,33.8667,65.34,90,60,3.49,TZ,light rain
471,Telhara,21.0269,76.8389,55.04,46,2,3.56,IN,clear sky
472,Porto Novo,6.4965,2.6036,75.02,80,3,3.4,BJ,clear sky
473,Rock Hill,34.9249,-81.0251,51.75,77,0,4.61,US,clear sky
474,Suntar,62.1444,117.6319,-15.63,99,58,4.54,RU,broken clouds
475,Ouargaye,11.5033,0.0572,68.02,15,4,9.69,BF,clear sky
476,Sumy,50.9216,34.8003,11.14,95,100,4.94,UA,snow
477,Sharan,54.8167,54.0,-2.22,99,90,4.81,RU,overcast clouds
478,Ulaangom,49.9811,92.0667,-19.82,85,94,4.05,MN,overcast clouds
479,Farafangana,-22.8167,47.8333,72.59,75,29,1.72,MG,scattered clouds
480,Wodonga,-36.1167,146.8833,92.26,76,0,6.91,AU,clear sky
481,Ambunti,-4.2365,142.8448,88.52,65,100,0.89,PG,overcast clouds
482,La Rioja,42.25,-2.5,33.12,69,0,4.99,ES,clear sky
483,Hammonton,39.6365,-74.8024,33.51,63,72,6.02,US,broken clouds
484,Abha,18.2164,42.5053,49.82,93,0,0.0,SA,clear sky
485,Moerai,-22.4333,-151.3333,80.02,78,100,10.58,PF,light rain
486,Nantucket,41.2835,-70.0995,36.14,79,76,19.46,US,broken clouds
487,Airai,-8.9266,125.4092,73.06,59,100,5.19,TL,overcast clouds
488,San Cristobal,7.7669,-72.225,73.58,83,100,2.24,VE,overcast clouds
489,Yeppoon,-23.1333,150.7333,87.58,61,76,12.12,AU,broken clouds
490,Anderson,34.5334,-82.6499,52.43,81,0,5.75,US,clear sky
491,Cowra,-33.8333,148.6833,89.15,33,6,2.26,AU,clear sky
492,Oktyabrskoye,43.0645,44.7417,17.22,91,27,3.85,RU,scattered clouds
493,Pangkalanbuun,-2.6833,111.6167,79.95,83,100,3.29,ID,overcast clouds
494,Solnechnyy,50.7214,136.6319,2.19,92,59,2.48,RU,broken clouds
495,Kibungo,-2.1597,30.5427,65.32,92,90,2.42,RW,overcast clouds
496,Husavik,66.0449,-17.3389,30.11,90,99,18.28,IS,light snow
497,Simao,22.7886,100.9748,60.21,69,8,3.13,CN,clear sky
498,Lucknow,26.85,80.9167,46.38,93,100,3.44,IN,fog
499,Arona,28.0996,-16.681,57.74,60,0,10.36,ES,clear sky
500,Laguna,38.421,-121.4238,57.13,72,0,1.99,US,clear sky
501,Goderich,43.7501,-81.7165,16.92,85,100,10.36,CA,overcast clouds
502,Yar-Sale,66.8333,70.8333,12.25,94,100,17.56,RU,light snow
503,Skibbereen,51.55,-9.2667,42.6,86,30,2.39,IE,scattered clouds
504,Panguna,-6.3164,155.4848,80.89,71,95,2.24,PG,light rain
505,Reforma,18.1,-91.0167,72.41,85,0,9.1,MX,clear sky
506,Kaseda,31.4167,130.3167,54.63,70,66,13.42,JP,broken clouds
507,Acarau,-2.8856,-40.12,79.83,77,85,11.25,BR,overcast clouds
508,Kahului,20.8947,-156.47,84.22,60,20,13.8,US,few clouds
509,Hamilton,39.1834,-84.5333,23.11,68,0,3.0,US,clear sky
510,Bitung,1.4451,125.1824,90.45,70,31,4.47,ID,scattered clouds
511,Dubbo,-32.25,148.6167,84.33,54,40,12.66,AU,scattered clouds
512,Geilo,60.5333,8.2076,34.7,85,42,10.98,NO,scattered clouds
513,Yarmouth,41.7057,-70.2286,36.14,70,40,21.0,US,scattered clouds
514,Nyrob,60.733,56.7202,3.85,98,97,7.45,RU,overcast clouds
515,Otane,-39.8833,176.6333,80.38,51,93,4.45,NZ,overcast clouds
516,Hervey Bay,-25.2986,152.8535,82.51,68,100,1.61,AU,overcast clouds
517,Carnduff,49.1667,-101.8009,-5.4,83,83,8.32,CA,broken clouds
518,Leeton,-34.5667,146.4,89.89,48,75,11.5,AU,broken clouds
519,Aasiaat,68.7098,-52.8699,2.53,86,100,14.41,GL,overcast clouds
520,Rogova,44.4717,22.8067,22.93,65,4,5.73,RO,clear sky
521,Prince Albert,53.2001,-105.7677,13.95,79,100,18.41,CA,overcast clouds
522,Isla Vista,34.4133,-119.861,59.68,68,0,0.0,US,clear sky
523,Tokur,53.1333,132.9,-2.9,90,50,1.34,RU,scattered clouds
524,Todos Santos,23.45,-110.2167,69.01,57,100,1.83,MX,overcast clouds
525,Mahanoro,-19.9,48.8,73.0,83,100,4.76,MG,light rain
526,Pyshchug,58.8873,45.7134,5.59,98,100,3.13,RU,overcast clouds
527,Baykit,61.67,96.37,-19.66,100,88,1.12,RU,overcast clouds
528,San Policarpo,12.1791,125.5072,80.2,87,93,13.27,PH,light rain
529,Nago,26.5881,127.9761,69.87,64,14,8.43,JP,few clouds
530,Necochea,-38.5473,-58.7368,75.04,84,73,0.92,AR,broken clouds
531,Naryan-Mar,67.6713,53.087,14.49,96,85,10.92,RU,overcast clouds
532,Rio Gallegos,-51.6226,-69.2181,48.25,49,20,19.57,AR,few clouds
533,Saint-Jean-De-Maurienne,45.1667,6.5833,18.14,52,0,0.81,FR,clear sky
534,Qaqortoq,60.7167,-46.0333,27.1,85,100,9.78,GL,light snow
535,Luis Correia,-2.8792,-41.6669,84.2,79,75,11.5,BR,broken clouds
536,Tonekabon,36.8163,50.8738,44.55,70,59,4.52,IR,broken clouds
537,Palmer,42.1584,-72.3287,29.21,61,0,1.01,US,clear sky
538,Conakry,9.538,-13.6773,69.37,62,40,6.98,GN,scattered clouds
539,Impfondo,1.6381,18.0667,70.23,43,92,1.32,CG,overcast clouds
540,Chornobay,49.6708,32.3239,19.26,96,100,4.88,UA,light snow
541,Bhuban,20.8833,85.8333,67.03,69,48,1.92,IN,scattered clouds
542,Sao Felix Do Xingu,-6.6447,-51.995,70.86,98,100,1.95,BR,overcast clouds
543,Ahipara,-35.1667,173.1667,76.37,69,7,8.86,NZ,clear sky
544,George Town,5.4112,100.3354,82.33,81,20,3.44,MY,haze
545,Kendrapara,20.5042,86.416,66.61,75,0,3.09,IN,clear sky
546,Waitati,-45.75,170.5667,55.8,92,96,9.08,NZ,overcast clouds
547,Sao Filipe,14.8961,-24.4956,75.83,60,2,10.8,CV,clear sky
548,Damietta,31.4165,31.8133,49.89,72,14,15.95,EG,few clouds
549,Doha,25.2867,51.5333,58.98,82,0,2.3,QA,clear sky
550,Karakol,42.4907,78.3936,13.91,71,98,5.64,KG,overcast clouds
551,Saint Pete Beach,27.7253,-82.7412,56.25,84,100,1.99,US,light rain
552,Vero Beach,27.6386,-80.3973,66.2,88,100,1.01,US,overcast clouds
553,Pauini,-7.7136,-66.9764,74.26,98,100,1.19,BR,overcast clouds
554,Kargasok,59.0556,80.8572,-8.64,100,90,4.41,RU,overcast clouds
555,Roald,62.5833,6.1333,44.91,81,75,27.63,NO,light intensity drizzle
556,Kramat,-8.1311,113.4499,85.1,70,80,1.99,ID,broken clouds
557,Moyale,3.5167,39.0584,68.18,33,3,11.63,KE,clear sky
558,Palm Coast,29.585,-81.2078,52.09,74,100,1.01,US,moderate rain
559,Rawson,-43.3002,-65.1023,62.17,62,1,16.37,AR,clear sky
560,Cotonou,6.3654,2.4183,75.18,88,5,5.75,BJ,dust
561,Rio Grande,-32.035,-52.0986,77.95,89,67,10.04,BR,broken clouds
562,Villanueva,15.3167,-88.0,76.19,73,20,6.91,HN,few clouds
563,Zyryanovsk,49.7386,84.2719,-23.87,99,100,1.52,KZ,overcast clouds
564,Jacqueville,5.2052,-4.4146,75.11,77,1,1.52,CI,clear sky
565,Portland,45.5234,-122.6762,43.52,73,20,1.99,US,few clouds
566,Aykino,62.2248,49.9922,15.66,95,100,7.4,RU,light snow
567,Mayskiy,47.6931,40.1025,24.44,98,99,4.63,RU,overcast clouds
568,Banda Aceh,5.5577,95.3222,80.91,75,52,7.74,ID,broken clouds
569,Maniitsoq,65.4167,-52.9,18.55,92,100,15.82,GL,snow
570,Lompoc,34.6391,-120.4579,57.11,83,100,11.01,US,overcast clouds
571,Sorong,-0.8833,131.25,85.8,72,86,13.67,ID,overcast clouds
572,Waingapu,-9.6567,120.2641,86.31,65,79,15.52,ID,broken clouds
573,Walvis Bay,-22.9575,14.5053,67.08,88,7,10.36,NA,clear sky
574,Verkhnyachka,48.8285,30.0396,21.4,97,100,6.15,UA,overcast clouds
575,Dicabisagan,17.0818,122.4157,76.08,89,98,10.69,PH,overcast clouds
576,Chico,39.7285,-121.8375,62.49,57,0,5.73,US,clear sky
577,Pedernales,18.0384,-71.744,75.69,62,2,2.35,DO,clear sky
578,Umm Lajj,25.0213,37.2685,61.27,62,0,12.82,SA,clear sky
579,Antofagasta,-23.65,-70.4,65.48,77,5,4.21,CL,clear sky
580,Mangan,27.5167,88.5333,49.57,80,100,3.09,IN,overcast clouds
581,Abnub,27.2696,31.1511,41.22,48,0,5.17,EG,clear sky
582,Bikaner,28.0167,73.3,52.77,45,0,3.31,IN,clear sky
583,The Valley,18.217,-63.0578,77.09,73,45,18.68,AI,scattered clouds
584,Great Malvern,52.1116,-2.3252,39.74,93,34,3.94,GB,scattered clouds
585,Codrington,-38.2667,141.9667,94.03,28,74,4.85,AU,broken clouds
586,Jaisalmer,26.9147,70.9181,52.95,26,0,3.91,IN,clear sky
587,Yumen,40.2833,97.2,18.21,48,89,7.83,CN,overcast clouds
588,Harrismith,-28.2728,29.1295,57.7,90,71,3.83,ZA,broken clouds
589,Port Hardy,50.6996,-127.4199,39.76,100,75,4.61,CA,broken clouds
590,Djambala,-2.5447,14.7533,68.67,90,100,3.98,CG,overcast clouds
591,Ituiutaba,-18.9689,-49.465,72.82,84,97,3.15,BR,overcast clouds
592,Salalah,17.0151,54.0924,62.69,39,0,2.3,OM,clear sky
593,Lasa,46.6166,10.7002,44.06,65,0,6.2,IT,clear sky
594,Assiniboia,49.6334,-105.9845,19.31,86,99,17.27,CA,overcast clouds
595,Leningradskiy,69.3833,178.4167,-27.67,86,26,4.07,RU,scattered clouds
596,Sept-Iles,50.2001,-66.3821,5.05,84,75,3.44,CA,broken clouds
597,Dwarka,22.2394,68.9678,63.9,40,0,11.39,IN,clear sky
598,Suleya,55.1352,58.8792,1.02,91,53,3.49,RU,broken clouds
599,Karratha,-20.7377,116.8463,87.39,61,0,10.83,AU,clear sky
600,Phalombe,-15.8064,35.6507,66.2,96,100,3.53,MW,light rain
601,Waynesville,35.4887,-82.9887,42.1,84,95,3.0,US,overcast clouds
602,Casa Nova,-9.4167,-41.1333,73.38,62,94,7.9,BR,light rain
603,Cabo Rojo,18.0866,-67.1457,76.21,86,33,1.01,PR,scattered clouds
604,Jishou,28.3167,109.7167,36.12,100,100,2.3,CN,overcast clouds
605,Fort Madison,40.6298,-91.3151,6.33,78,2,9.01,US,clear sky
606,Anamur,36.0751,32.8369,42.82,84,100,3.58,TR,overcast clouds
607,Krasnoselkup,65.7,82.4667,-13.02,98,40,11.92,RU,scattered clouds
608,Christchurch,-43.5333,172.6333,72.48,66,75,3.0,NZ,broken clouds
609,Pavagada,14.1,77.2667,68.49,74,64,4.45,IN,broken clouds
610,Zhuanghe,39.7008,122.9911,26.44,46,31,6.69,CN,scattered clouds
611,Lakatoro,-16.0999,167.4164,86.94,66,73,6.53,VU,light rain
612,Acajutla,13.5928,-89.8275,76.8,80,0,5.48,SV,clear sky
613,Ca Mau,9.1769,105.15,83.35,61,8,9.06,VN,clear sky
614,Praxedis Guerrero,31.3667,-106.0167,57.56,34,11,2.51,MX,few clouds
615,Gamba,-2.65,10.0,74.19,90,98,3.24,GA,overcast clouds
616,Buala,-8.145,159.5921,82.72,76,95,5.97,SB,overcast clouds
617,Sabha,27.0377,14.4283,41.58,87,1,10.4,LY,clear sky
618,Dzaoudzi,-12.7887,45.2699,78.69,83,100,8.05,YT,overcast clouds
619,Kudahuvadhoo,2.6708,72.8944,79.66,67,95,11.03,MV,overcast clouds
620,Parkersburg,39.2667,-81.5615,24.78,66,0,0.0,US,clear sky
621,Bantry,51.6833,-9.45,42.28,87,77,1.14,IE,broken clouds
622,Tomohon,1.3346,124.8392,81.54,62,40,1.86,ID,scattered clouds
623,Chapais,49.7834,-74.8492,-29.42,99,98,5.21,CA,overcast clouds
624,Finnsnes,69.2296,17.9811,28.36,96,100,4.74,NO,light snow
625,Hazorasp,41.3194,61.0742,8.44,85,5,6.13,UZ,clear sky
626,Nurota,40.5614,65.6886,24.89,55,4,4.52,UZ,clear sky
627,Multan,30.1956,71.4753,44.49,87,0,0.0,PK,fog
628,Sambava,-14.2667,50.1667,75.13,86,99,9.08,MG,light rain
629,Tuatapere,-46.1333,167.6833,55.81,87,88,12.06,NZ,overcast clouds
630,Cardenas,23.0375,-81.2047,68.76,84,0,5.93,CU,light rain
631,Crateus,-5.1783,-40.6775,76.48,58,35,2.73,BR,scattered clouds
632,Brigantine,39.4101,-74.3646,35.02,64,0,10.36,US,clear sky
633,Rae Bareli,26.2167,81.2333,46.53,76,0,5.08,IN,clear sky
634,Belyy Yar,53.6039,91.3903,-9.51,84,40,2.24,RU,mist
635,Hays,30.0502,-98.0336,50.45,82,87,1.01,US,overcast clouds
636,Kem,64.9555,34.5793,11.93,92,6,9.6,RU,clear sky
637,Saint Anthony,45.0205,-93.218,-2.6,69,0,1.01,US,clear sky
638,Inhambane,-23.865,35.3833,78.49,89,91,11.21,MZ,overcast clouds
639,Yebaishou,41.3975,119.6408,18.82,43,71,6.8,CN,broken clouds
640,Rock Springs,41.5875,-109.2029,20.64,71,40,3.44,US,scattered clouds
641,Santa Catalina,9.3337,122.8637,82.62,78,100,5.79,PH,overcast clouds
642,Golub-Dobrzyn,53.1109,19.0538,36.39,81,100,8.86,PL,overcast clouds
643,Springfield,37.2153,-93.2982,25.52,45,0,5.01,US,clear sky
644,Talara,-4.5772,-81.2719,71.26,87,100,6.24,PE,overcast clouds
645,Bondoukou,8.0333,-2.8,71.85,17,2,5.82,CI,clear sky
646,Port Arthur,38.8,121.2667,26.82,60,93,15.08,CN,overcast clouds
647,Bay Roberts,47.5999,-53.2648,28.33,87,100,5.91,CA,overcast clouds
648,Bud,39.447,-86.1758,19.49,67,1,9.24,US,clear sky
649,Kununurra,-15.7667,128.7333,82.38,83,100,13.8,AU,overcast clouds
650,Kambam,5.2505,96.8629,78.46,80,99,4.12,ID,overcast clouds
651,High Rock,26.6208,-78.2833,69.87,60,100,6.98,BS,overcast clouds
652,Plettenberg Bay,-34.0527,23.3716,67.03,95,98,4.25,ZA,overcast clouds
653,Dutse,11.7594,9.3392,57.43,22,4,8.46,NG,clear sky
654,Sioux Lookout,50.1001,-91.917,-16.22,76,0,3.44,CA,clear sky
655,Altea,38.5989,-0.0514,52.3,71,60,11.9,ES,broken clouds
656,Oussouye,12.485,-16.5469,78.21,15,100,6.98,SN,overcast clouds
657,Flinders,-34.5833,150.8552,79.88,71,100,7.83,AU,overcast clouds
658,Tessalit,20.1986,1.0114,61.05,18,100,10.45,ML,overcast clouds
659,Vila,42.0304,-8.1588,38.32,82,1,4.59,PT,clear sky
660,Nicoya,10.1483,-85.452,76.55,85,1,0.83,CR,clear sky
661,Latung,5.5,120.8833,81.39,79,99,7.25,PH,overcast clouds
662,Tomatlan,19.9333,-105.25,68.59,82,51,0.89,MX,broken clouds
663,Sardinata,8.0829,-72.8007,80.28,94,100,4.16,CO,overcast clouds
664,Tanabe,33.7333,135.3667,56.41,47,20,18.41,JP,few clouds
665,Fundao,-19.9341,-40.4047,74.73,97,65,1.52,BR,broken clouds
666,Kenora,49.8167,-94.4337,-14.82,76,0,8.05,CA,clear sky
667,Tabou,4.423,-7.3528,77.54,84,2,4.41,CI,clear sky
668,Alfonsine,44.5061,12.0564,38.98,93,0,5.03,IT,clear sky
669,Manavgat,36.7867,31.4431,36.01,76,100,6.51,TR,overcast clouds
670,Masinigudi,11.5667,76.6667,63.27,85,35,2.33,IN,scattered clouds
671,Galle,6.0367,80.217,73.47,81,94,3.56,LK,overcast clouds
672,Sao Jose Da Coroa Grande,-8.8978,-35.1478,79.54,77,45,9.08,BR,scattered clouds
673,Rurrenabaque,-14.4413,-67.5278,76.53,80,100,1.7,BO,overcast clouds
674,Najran,17.4924,44.1277,50.65,38,60,0.63,SA,broken clouds
675,Neubrandenburg,53.5667,13.2667,40.89,92,100,11.65,DE,overcast clouds
676,Cartagena,10.3997,-75.5144,78.42,83,0,8.05,CO,clear sky
677,Digha,21.6833,87.55,68.86,73,1,3.74,IN,clear sky
678,Paka,4.6374,103.4368,78.73,89,40,1.14,MY,scattered clouds
679,Torres,-29.3353,-49.7269,79.83,92,27,9.66,BR,scattered clouds
680,Luba,3.4568,8.5547,71.49,80,97,6.02,GQ,overcast clouds
681,Black Diamond,47.3087,-122.0032,38.21,91,81,1.01,US,broken clouds
682,Bontang,0.1333,117.5,83.34,71,99,1.61,ID,overcast clouds
683,Kassala,15.451,36.4,66.51,83,7,9.78,SD,clear sky
684,Mabama,-5.1333,32.5333,64.81,94,100,0.98,TZ,overcast clouds
685,Bagdarin,54.4333,113.6,-6.07,88,69,2.33,RU,broken clouds
686,Matane,48.8286,-67.522,10.15,98,96,4.54,CA,overcast clouds
687,Shumskiy,54.8318,99.1328,10.18,92,99,1.99,RU,overcast clouds
688,Kamenka,51.3223,42.7678,3.45,99,94,5.28,RU,overcast clouds
689,College,64.8569,-147.8028,17.92,73,40,5.75,US,scattered clouds
690,Dawlatabad,36.4141,64.9053,37.6,48,0,2.04,AF,clear sky
691,Kochevo,59.5994,54.3125,2.66,96,99,5.48,RU,overcast clouds
692,Takoradi,4.8845,-1.7554,76.78,86,5,2.71,GH,clear sky
693,Ziro,27.6333,93.8333,36.34,88,99,2.06,IN,overcast clouds
694,Hami,42.8,93.45,21.78,49,6,3.94,CN,clear sky
695,Kindu,-2.95,25.95,68.49,99,99,2.44,CD,overcast clouds
696,Haines Junction,60.7522,-137.5108,24.75,63,62,1.14,CA,broken clouds
697,Madison Heights,42.4859,-83.1052,19.83,74,100,3.0,US,overcast clouds
698,Dzhebariki-Khaya,62.2167,135.8,-23.67,96,100,2.66,RU,overcast clouds
699,Batetskiy,58.6461,30.3027,5.76,100,81,2.55,RU,broken clouds
700,Letlhakane,-21.4167,25.5833,70.18,72,81,10.96,BW,broken clouds
701,Berga,60.392,5.328,46.65,93,75,17.27,NO,moderate rain
702,Coihaique,-45.5752,-72.0662,57.15,62,0,0.0,CL,clear sky
703,Stokmarknes,68.5646,14.9108,32.49,89,100,8.14,NO,light snow
704,Limbazi,57.5129,24.7194,25.03,97,40,2.48,LV,scattered clouds
705,Kaduna,10.5222,7.4383,62.55,20,10,12.77,NG,clear sky
706,Nision,40.6369,22.3878,33.37,42,8,1.1,GR,clear sky
707,La Cruz,23.9167,-106.9,61.65,63,95,4.63,MX,overcast clouds
